{"initial_reset_timestamp": 3105.591511241, "timestamps": [3140.472309583], "episode_lengths": [999], "episode_rewards": [-99.89959509413625], "episode_types": ["t"]}